1252974,1,0.0,0.212,99.086,38.85,-28.130680,149.700531
1253475,1,11.67,2.002,98.949,38.86,-28.130680,149.700546
1253976,1,51.64,2.153,98.481,38.84,-28.130680,149.700546
1254477,1,127.72,2.191,97.595,38.83,-28.130632,149.700592
1254979,1,238.55,2.193,96.316,38.79,-28.130632,149.700592
1255480,1,366.35,2.221,94.858,38.73,-28.130632,149.700592
1255981,1,526.25,0.993,93.059,38.69,-28.130632,149.700592
1256483,1,689.31,2.027,91.253,38.69,-28.130632,149.700592
1256985,1,833.2,2.004,89.683,38.69,-28.130632,149.700592
1257486,1,958.75,1.996,88.331,38.69,-28.130955,149.700699
1257987,1,1078.68,1.967,87.055,38.66,-28.130955,149.700699
1258488,1,1182.84,1.712,85.959,38.63,-28.130955,149.700699
1258990,1,1291.36,1.520,84.829,38.61,-28.130955,149.700699
1259491,1,1393.34,1.374,83.778,38.61,-28.130955,149.700699
1259993,1,1492.04,1.227,82.771,38.60,-28.130955,149.700699
1260494,1,1586.44,1.087,81.817,38.60,-28.129765,149.700577
1260995,1,1669.8,0.996,80.982,38.59,-28.129765,149.700577
1261496,1,1755.57,0.929,80.130,38.59,-28.129765,149.700577
1261998,1,1836.99,0.849,79.328,38.59,-28.129765,149.700577
1262500,1,1915.08,0.773,78.565,38.59,-28.129765,149.700577
1263001,1,1988.7,0.685,77.851,38.59,-28.129765,149.700577
1263502,1,2054.12,0.634,77.221,38.59,-28.129765,149.700577
1264004,1,2121.23,0.579,76.579,38.58,-28.129765,149.700577
1264505,1,2184.58,0.513,75.977,38.58,-28.129765,149.700577
1265006,1,2244.51,0.486,75.411,38.57,-28.129765,149.700577
1265508,1,2301.17,0.433,74.879,38.57,-28.129765,149.700577
1266009,1,2354.61,0.381,74.380,38.57,-28.129765,149.700577
1266511,1,2401.66,0.357,73.943,38.57,-28.129765,149.700577
1267013,1,2449.79,0.316,73.498,38.55,-28.129765,149.700577
1267515,1,2494.35,0.283,73.088,38.54,-28.129765,149.700577
1268016,1,2536.6,0.259,72.701,38.56,-28.129765,149.700577
1268517,1,2575.4,0.225,72.347,38.55,-28.129765,149.700577
1269019,1,2609.62,0.204,72.036,38.55,-28.129765,149.700577
1269521,1,2643.51,0.184,71.729,38.55,-28.129765,149.700577
1270024,1,2675.08,0.162,71.444,38.54,-28.129765,149.700577
1270526,1,2703.53,0.154,71.188,38.53,-28.129765,149.700577
1271027,1,2729.38,0.143,70.956,38.54,-28.129765,149.700577
1271529,1,2753.28,0.122,70.742,38.55,-28.129765,149.700577
1272031,1,2772.43,0.114,70.571,38.55,-28.129765,149.700577
1272532,1,2791.05,0.106,70.405,38.55,-28.129765,149.700577
1273033,1,2807.57,0.107,70.258,38.55,-28.129765,149.700577
1273534,1,2821.07,0.105,70.138,38.57,-28.129765,149.700577
1274036,1,2831.89,0.106,70.042,38.56,-28.129765,149.700577
1274538,1,2841.48,0.111,69.957,38.56,-28.129765,149.700577
1275040,1,2847.24,0.111,69.906,38.57,-28.129765,149.700577
1275542,1,2851.3,0.110,69.870,38.57,-28.129765,149.700577
1276043,1,2853.9,0.103,69.847,38.57,-28.129765,149.700577
0,1,2853.9,0.103,69.847,38.57,-28.129765,149.700577
0,1,2844.417931034483,0.14144827586206896,69.93210344827585,38.56758620689655,-28.129876068965515,149.70053068965518
0,1,2834.9358620689654,0.17989655172413793,70.01720689655171,38.56517241379311,-28.129987137931032,149.70048437931035
0,1,2825.4537931034483,0.21834482758620688,70.10231034482759,38.56275862068966,-28.13009820689655,149.70043806896552
0,1,2815.9717241379312,0.25679310344827583,70.18741379310345,38.560344827586206,-28.130209275862068,149.7003917586207
0,1,2806.4896551724137,0.2952413793103448,70.2725172413793,38.557931034482756,-28.130320344827584,149.70034544827587
0,1,2797.0075862068966,0.3336896551724138,70.35762068965516,38.55551724137931,-28.1304314137931,149.70029913793104
0,1,2787.5255172413795,0.3721379310344827,70.44272413793102,38.55310344827586,-28.13054248275862,149.7002528275862
0,1,2778.0434482758624,0.4105862068965517,70.5278275862069,38.55068965517241,-28.130653551724137,149.70020651724138
0,1,2768.561379310345,0.4490344827586206,70.61293103448276,38.54827586206896,-28.130764620689654,149.70016020689656
0,1,2759.0793103448277,0.48748275862068957,70.69803448275862,38.54586206896552,-28.13087568965517,149.70011389655173
0,1,2749.5972413793106,0.5259310344827586,70.78313793103447,38.54344827586207,-28.13098675862069,149.7000675862069
0,1,2740.115172413793,0.5643793103448276,70.86824137931033,38.54103448275862,-28.131097827586206,149.70002127586207
0,1,2730.633103448276,0.6028275862068965,70.9533448275862,38.538620689655176,-28.131208896551723,149.69997496551724
0,1,2721.151034482759,0.6412758620689655,71.03844827586207,38.536206896551725,-28.13131996551724,149.6999286551724
0,1,2711.6689655172413,0.6797241379310344,71.12355172413793,38.533793103448275,-28.13143103448276,149.69988234482759
0,1,2702.186896551724,0.7181724137931034,71.20865517241378,38.531379310344825,-28.131542103448275,149.69983603448276
0,1,2692.704827586207,0.7566206896551724,71.29375862068966,38.52896551724138,-28.13165317241379,149.69978972413793
0,1,2683.2227586206895,0.7950689655172413,71.37886206896552,38.52655172413793,-28.131764241379308,149.6997434137931
0,1,2673.7406896551724,0.8335172413793103,71.46396551724138,38.52413793103448,-28.131875310344828,149.69969710344827
0,1,2664.2586206896553,0.8719655172413792,71.54906896551724,38.52172413793104,-28.131986379310344,149.69965079310344
0,1,2654.776551724138,0.9104137931034482,71.6341724137931,38.51931034482759,-28.13209744827586,149.69960448275862
0,1,2645.2944827586207,0.9488620689655172,71.71927586206897,38.51689655172414,-28.132208517241377,149.6995581724138
0,1,2635.8124137931036,0.9873103448275861,71.80437931034483,38.51448275862069,-28.132319586206897,149.69951186206896
0,1,2626.3303448275865,1.0257586206896552,71.88948275862069,38.512068965517244,-28.132430655172413,149.69946555172413
0,1,2616.848275862069,1.0642068965517242,71.97458620689655,38.509655172413794,-28.13254172413793,149.6994192413793
0,1,2607.366206896552,1.102655172413793,72.0596896551724,38.507241379310344,-28.132652793103446,149.69937293103447
0,1,2597.8841379310347,1.141103448275862,72.14479310344828,38.50482758620689,-28.132763862068966,149.69932662068965
0,1,2588.402068965517,1.179551724137931,72.22989655172414,38.50241379310345,-28.132874931034483,149.69928031034482
19143,1,2578.92,1.218,72.315,38.50,-28.132986,149.699234
19643,1,2572.0,0.991,72.378,38.49,-28.132977,149.699142
20144,1,2563.55,0.963,72.455,38.49,-28.132977,149.699142
20646,1,2556.42,0.939,72.520,38.49,-28.132963,149.699036
21147,1,2548.86,1.037,72.589,38.48,-28.132963,149.699036
21649,1,2541.3,1.034,72.658,38.48,-28.132944,149.698975
22151,1,2533.75,1.060,72.727,38.46,-28.132944,149.698975
22652,1,2527.85,1.079,72.781,38.46,-28.132936,149.698929
23153,1,2516.82,1.113,72.882,38.45,-28.132936,149.698929
23654,1,2512.12,1.003,72.925,38.45,-28.132927,149.698883
24156,1,2509.5,1.142,72.949,38.44,-28.132927,149.698883
24658,1,2505.69,1.010,72.984,38.43,-28.132923,149.698853
25160,1,2490.87,1.105,73.120,38.41,-28.132923,149.698853
25661,1,2481.4,0.943,73.207,38.40,-28.132917,149.698792
26163,1,2475.63,1.038,73.260,38.40,-28.132917,149.698792
26665,1,2468.35,1.131,73.327,38.38,-28.132902,149.698715
27168,1,2458.36,1.038,73.419,38.38,-28.132902,149.698715
27670,1,2451.74,0.947,73.480,38.38,-28.132896,149.698654
28171,1,2443.83,0.932,73.553,38.38,-28.132896,149.698654
28672,1,2437.22,1.125,73.614,38.37,-28.132879,149.698593
29174,1,2432.03,1.055,73.662,38.37,-28.132879,149.698593
29677,1,2425.42,0.957,73.723,38.35,-28.132851,149.698532
30178,1,2416.34,0.971,73.807,38.33,-28.132851,149.698532
30679,1,2404.89,0.936,73.913,38.34,-28.132822,149.698471
31180,1,2399.5,1.073,73.963,38.33,-28.132822,149.698471
31681,1,2397.02,1.334,73.986,38.32,-28.132799,149.698410
32183,1,2388.39,1.152,74.066,38.31,-28.132799,149.698410
32684,1,2376.76,0.969,74.174,38.29,-28.132788,149.698364
33185,1,2371.38,1.085,74.224,38.29,-28.132788,149.698364
33687,1,2360.95,0.957,74.321,38.28,-28.132792,149.698303
34189,1,2359.02,1.217,74.339,38.27,-28.132805,149.698227
34692,1,2349.03,0.943,74.432,38.26,-28.132805,149.698227
35194,1,2342.91,0.973,74.489,38.26,-28.132812,149.698151
35695,1,2331.98,0.983,74.591,38.23,-28.132812,149.698151
36196,1,2331.66,1.138,74.594,38.23,-28.132820,149.698074
36697,1,2317.63,0.847,74.725,38.22,-28.132820,149.698074
37198,1,2309.4,0.930,74.802,38.22,-28.132818,149.698013
37700,1,2302.02,1.047,74.871,38.21,-28.132818,149.698013
38203,1,2294.02,1.030,74.946,38.20,-28.132809,149.697952
38704,1,2285.8,0.937,75.023,38.19,-28.132809,149.697952
39205,1,2278.66,0.948,75.090,38.20,-28.132797,149.697891
39708,1,2269.82,1.020,75.173,38.19,-28.132797,149.697891
40209,1,2262.9,1.201,75.238,38.18,-28.132790,149.697815
40711,1,2258.22,1.144,75.282,38.18,-28.132790,149.697815
41213,1,2251.84,1.018,75.342,38.17,-28.132792,149.697723
41716,1,2241.85,1.091,75.436,38.16,-28.132792,149.697723
42218,1,2234.32,0.901,75.507,38.15,-28.132801,149.697647
42720,1,2225.52,0.956,75.590,38.15,-28.132801,149.697647
43221,1,2219.05,0.941,75.651,38.14,-28.132809,149.697540
43722,1,2209.63,0.978,75.740,38.13,-28.132809,149.697540
44223,1,2202.96,1.051,75.803,38.13,-28.132799,149.697433
44725,1,2194.29,0.897,75.885,38.11,-28.132799,149.697433
45226,1,2186.37,1.056,75.960,38.13,-28.132784,149.697357
45728,1,2182.15,1.199,76.000,38.12,-28.132784,149.697357
46229,1,2176.45,1.192,76.054,38.12,-28.132772,149.697281
46731,1,2164.96,1.133,76.163,38.12,-28.132772,149.697281
47232,1,2159.07,0.967,76.219,38.11,-28.132755,149.697220
47734,1,2150.86,0.982,76.297,38.11,-28.132755,149.697220
48235,1,2144.13,1.028,76.361,38.08,-28.132750,149.697159
48736,1,2136.66,1.002,76.432,38.08,-28.132750,149.697159
49238,1,2129.0,0.761,76.505,38.08,-28.132750,149.697067
49740,1,2121.86,0.997,76.573,38.07,-28.132750,149.697067
50241,1,2115.15,1.160,76.637,38.05,-28.132742,149.696991
50743,1,2108.03,1.057,76.705,38.04,-28.132742,149.696991
51244,1,2106.04,1.145,76.724,38.04,-28.132732,149.696899
51746,1,2102.89,1.092,76.754,38.02,-28.132732,149.696899
52248,1,2086.47,1.051,76.911,38.01,-28.132721,149.696823
52750,1,2085.22,1.218,76.923,37.99,-28.132721,149.696823
53252,1,2076.02,1.204,77.011,37.98,-28.132711,149.696747
53754,1,2066.32,1.118,77.104,37.97,-28.132711,149.696747
54255,1,2059.96,0.909,77.165,37.96,-28.132711,149.696671
54756,1,2053.7,1.035,77.225,37.95,-28.132711,149.696671
55258,1,2048.18,1.035,77.278,37.94,-28.132711,149.696625
55759,1,2036.43,1.019,77.391,37.93,-28.132711,149.696625
56261,1,2034.35,0.915,77.411,37.90,-28.132715,149.696564
56763,1,2020.63,0.983,77.543,37.90,-28.132715,149.696564
57264,1,2014.71,1.219,77.600,37.89,-28.132723,149.696503
57765,1,2005.38,1.141,77.690,37.88,-28.132723,149.696503
58266,1,2000.61,1.145,77.736,37.87,-28.132725,149.696426
58768,1,1991.81,0.945,77.821,37.85,-28.132725,149.696426
59270,1,1986.01,0.972,77.877,37.86,-28.132725,149.696365
59771,1,1977.32,0.987,77.961,37.84,-28.132725,149.696365
60272,1,1974.33,1.095,77.990,37.83,-28.132721,149.696304
60774,1,1961.83,0.866,78.111,37.82,-28.132721,149.696304
61276,1,1953.68,0.896,78.190,37.81,-28.132721,149.696259
61778,1,1946.15,0.958,78.263,37.82,-28.132721,149.696259
62279,1,1938.84,1.039,78.334,37.81,-28.132729,149.696213
62781,1,1930.7,1.070,78.413,37.79,-28.132729,149.696213
63283,1,1927.21,1.185,78.447,37.80,-28.132738,149.696167
63784,1,1926.49,1.205,78.454,37.78,-28.132738,149.696167
64286,1,1909.02,1.090,78.624,37.77,-28.132755,149.696106
64787,1,1904.19,1.108,78.671,37.77,-28.132755,149.696106
65289,1,1895.58,0.949,78.755,37.76,-28.132786,149.696060
65790,1,1888.5,1.047,78.824,37.75,-28.132786,149.696060
66292,1,1880.0,0.995,78.907,37.75,-28.132805,149.695984
66794,1,1873.86,1.084,78.967,37.74,-28.132805,149.695984
67296,1,1865.58,1.091,79.048,37.73,-28.132812,149.695938
67797,1,1858.63,1.060,79.116,37.72,-28.132812,149.695938
68299,1,1851.48,0.969,79.186,37.71,-28.132832,149.695877
68801,1,1844.44,1.024,79.255,37.69,-28.132832,149.695877
69302,1,1837.61,0.990,79.322,37.69,-28.132856,149.695801
69804,1,1832.0,1.146,79.377,37.69,-28.132856,149.695801
70306,1,1825.79,1.045,79.438,37.67,-28.132864,149.695724
70807,1,1821.41,1.144,79.481,37.65,-28.132864,149.695724
71309,1,1808.8,1.031,79.605,37.64,-28.132874,149.695679
71811,1,1803.92,0.996,79.653,37.63,-28.132874,149.695679
72313,1,1796.0,0.918,79.731,37.63,-28.132896,149.695618
72815,1,1790.72,1.021,79.783,37.61,-28.132896,149.695618
73317,1,1783.21,1.105,79.857,37.61,-28.132904,149.695557
73819,1,1775.82,1.192,79.930,37.60,-28.132904,149.695557
74320,1,1768.83,1.098,79.999,37.60,-28.132915,149.695496
74821,1,1759.01,1.000,80.096,37.58,-28.132915,149.695496
75323,1,1753.85,0.985,80.147,37.58,-28.132938,149.695435
75825,1,1750.82,1.187,80.177,37.57,-28.132938,149.695435
76327,1,1739.01,1.131,80.294,37.56,-28.132956,149.695358
76828,1,1730.83,1.025,80.375,37.55,-28.132956,149.695358
77329,1,1723.57,0.981,80.447,37.55,-28.132969,149.695312
77831,1,1715.51,0.943,80.527,37.55,-28.132969,149.695312
78332,1,1707.16,1.101,80.610,37.54,-28.132988,149.695251
78834,1,1704.54,1.197,80.636,37.53,-28.132988,149.695251
79336,1,1695.29,0.970,80.728,37.54,-28.133013,149.695145
79837,1,1689.36,1.068,80.787,37.52,-28.133013,149.695145
80339,1,1680.43,1.069,80.876,37.51,-28.133032,149.695053
80841,1,1671.3,0.978,80.967,37.50,-28.133032,149.695053
81342,1,1663.98,1.178,81.040,37.50,-28.133041,149.694962
81844,1,1657.97,0.915,81.100,37.49,-28.133041,149.694962
82345,1,1649.97,0.892,81.180,37.48,-28.133060,149.694885
82847,1,1642.87,1.121,81.251,37.46,-28.133060,149.694885
83349,1,1636.47,1.046,81.315,37.45,-28.133095,149.694778
83851,1,1629.38,1.073,81.386,37.43,-28.133095,149.694778
84353,1,1623.69,0.972,81.443,37.40,-28.133133,149.694687
84854,1,1619.5,1.225,81.485,37.37,-28.133133,149.694687
85356,1,1606.74,0.873,81.613,37.36,-28.133154,149.694595
85857,1,1599.37,0.952,81.687,37.35,-28.133154,149.694595
86358,1,1592.5,0.941,81.756,37.34,-28.133163,149.694534
86860,1,1583.55,1.253,81.846,37.34,-28.133163,149.694534
87361,1,1579.78,1.199,81.884,37.33,-28.133181,149.694473
87863,1,1570.25,1.162,81.980,37.32,-28.133181,149.694473
88365,1,1568.16,0.967,82.001,37.31,-28.133196,149.694427
88866,1,1559.63,1.047,82.087,37.31,-28.133196,149.694427
89367,1,1548.73,0.937,82.197,37.30,-28.133224,149.694382
89869,1,1544.57,1.051,82.239,37.29,-28.133224,149.694382
90371,1,1538.83,1.125,82.297,37.27,-28.133251,149.694305
90872,1,1524.39,1.157,82.443,37.26,-28.133251,149.694305
91373,1,1518.57,1.107,82.502,37.25,-28.133259,149.694229
91875,1,1515.8,1.198,82.530,37.24,-28.133259,149.694229
92377,1,1500.81,0.892,82.682,37.21,-28.133261,149.694138
92879,1,1493.22,1.113,82.759,37.20,-28.133261,149.694138
93380,1,1486.92,1.195,82.823,37.21,-28.133272,149.694092
93881,1,1481.6,0.913,82.877,37.17,-28.133272,149.694092
94382,1,1472.85,1.025,82.966,37.16,-28.133295,149.694046
94883,1,1464.3,1.210,83.053,37.13,-28.133295,149.694046
95385,1,1459.88,0.950,83.098,37.15,-28.133327,149.694000
95887,1,1457.33,1.023,83.124,37.14,-28.133327,149.694000
96390,1,1444.28,1.073,83.257,37.13,-28.133356,149.693939
96892,1,1434.78,1.145,83.354,37.12,-28.133356,149.693939
97393,1,1429.69,1.105,83.406,37.10,-28.133366,149.693863
97895,1,1422.94,1.033,83.475,37.10,-28.133366,149.693863
98396,1,1416.29,1.000,83.543,37.09,-28.133377,149.693787
98898,1,1407.79,1.117,83.630,37.07,-28.133377,149.693787
99399,1,1399.98,1.048,83.710,37.06,-28.133408,149.693710
99901,1,1396.56,1.268,83.745,37.05,-28.133408,149.693710
100402,1,1392.95,1.283,83.782,37.02,-28.133408,149.693710
100903,1,1378.92,1.064,83.926,37.01,-28.133408,149.693710
101404,1,1372.2,0.847,83.995,37.02,-28.133459,149.693527
101906,1,1364.61,0.995,84.073,37.01,-28.133459,149.693527
102407,1,1355.67,0.931,84.165,37.00,-28.133499,149.693436
102909,1,1349.94,1.076,84.224,36.99,-28.133499,149.693436
103410,1,1341.78,0.966,84.308,36.98,-28.133549,149.693344
103911,1,1341.59,1.213,84.310,36.96,-28.133549,149.693344
104413,1,1328.4,0.977,84.446,36.93,-28.133604,149.693253
104915,1,1320.17,1.182,84.531,36.93,-28.133604,149.693253
105415,1,1313.1,0.870,84.604,36.93,-28.133656,149.693146
105916,1,1308.07,1.041,84.656,36.92,-28.133656,149.693146
106417,1,1304.98,1.054,84.688,36.91,-28.133686,149.693069
106919,1,1290.97,0.936,84.833,36.90,-28.133686,149.693069
107420,1,1281.71,1.023,84.929,36.91,-28.133713,149.693008
107922,1,1279.1,1.075,84.956,36.88,-28.133713,149.693008
108424,1,1268.69,1.023,85.064,36.88,-28.133760,149.692963
108925,1,1260.6,0.956,85.148,36.87,-28.133760,149.692963
109426,1,1257.81,1.008,85.177,36.86,-28.133816,149.692932
109927,1,1247.71,0.929,85.282,36.84,-28.133816,149.692932
110428,1,1241.85,1.037,85.343,36.83,-28.133871,149.692902
110929,1,1235.8,1.258,85.406,36.78,-28.133871,149.692902
111431,1,1224.19,1.010,85.527,36.80,-28.133936,149.692841
111933,1,1216.9,1.046,85.603,36.80,-28.133936,149.692841
112434,1,1208.09,1.153,85.695,36.77,-28.133993,149.692780
112936,1,1200.05,1.107,85.779,36.74,-28.133993,149.692780
113437,1,1191.63,0.887,85.867,36.72,-28.134035,149.692703
113938,1,1186.95,0.966,85.916,36.70,-28.134035,149.692703
114440,1,1183.12,1.198,85.956,36.69,-28.134071,149.692642
114941,1,1170.9,0.956,86.084,36.67,-28.134071,149.692642
115442,1,1164.32,1.009,86.153,36.66,-28.134108,149.692581
115943,1,1154.79,0.972,86.253,36.64,-28.134108,149.692581
116444,1,1150.13,1.009,86.302,36.64,-28.134138,149.692505
116945,1,1140.9,0.962,86.399,36.64,-28.134138,149.692505
117446,1,1132.91,1.060,86.483,36.62,-28.134174,149.692459
117948,1,1126.64,1.114,86.549,36.64,-28.134174,149.692459
118449,1,1117.71,0.966,86.643,36.63,-28.134230,149.692413
118950,1,1110.88,0.877,86.715,36.62,-28.134230,149.692413
119452,1,1104.81,1.026,86.779,36.61,-28.134293,149.692368
119954,1,1096.95,1.069,86.862,36.60,-28.134293,149.692368
120456,1,1088.71,1.133,86.949,36.61,-28.134340,149.692337
120957,1,1084.45,1.114,86.994,36.59,-28.134340,149.692337
121458,1,1078.68,1.051,87.055,36.58,-28.134386,149.692307
121959,1,1067.53,0.799,87.173,36.56,-28.134386,149.692307
122460,1,1065.83,0.954,87.191,36.55,-28.134426,149.692245
122962,1,1051.49,0.856,87.343,36.53,-28.134426,149.692245
123464,1,1043.86,0.910,87.424,36.52,-28.134457,149.692154
123965,1,1039.33,1.028,87.472,36.50,-28.134457,149.692154
124466,1,1030.48,0.843,87.566,36.50,-28.134468,149.692047
124968,1,1022.21,0.972,87.654,36.48,-28.134468,149.692047
125470,1,1013.28,0.991,87.749,36.48,-28.134480,149.691925
125972,1,1011.4,0.977,87.769,36.45,-28.134480,149.691925
126473,1,1003.33,0.915,87.855,36.43,-28.134487,149.691803
126974,1,991.04,0.783,87.986,36.43,-28.134487,149.691803
127476,1,983.92,0.858,88.062,36.41,-28.134502,149.691711
127977,1,976.52,0.752,88.141,36.40,-28.134502,149.691711
128480,1,970.53,0.805,88.205,36.38,-28.134539,149.691635
128982,1,961.56,1.070,88.301,36.37,-28.134539,149.691635
129484,1,956.04,1.017,88.360,36.37,-28.134594,149.691559
129984,1,944.65,0.752,88.482,36.35,-28.134594,149.691559
130486,1,936.82,0.828,88.566,36.35,-28.134651,149.691467
130987,1,929.92,0.858,88.640,36.34,-28.134651,149.691467
131489,1,920.61,0.828,88.740,36.33,-28.134701,149.691391
131990,1,912.05,0.669,88.832,36.32,-28.134701,149.691391
132491,1,903.96,0.773,88.919,36.31,-28.134731,149.691299
132993,1,895.13,0.710,89.014,36.30,-28.134731,149.691299
133495,1,887.24,0.869,89.099,36.28,-28.134756,149.691223
133996,1,878.15,0.998,89.197,36.29,-28.134756,149.691223
134498,1,872.13,0.982,89.262,36.29,-28.134785,149.691132
134999,1,863.61,0.725,89.354,36.29,-28.134785,149.691132
135500,1,857.32,0.961,89.422,36.29,-28.134798,149.691055
136001,1,849.92,0.856,89.502,36.28,-28.134798,149.691055
136502,1,843.63,0.850,89.570,36.27,-28.134808,149.690979
137004,1,836.61,0.599,89.646,36.26,-28.134808,149.690979
137506,1,828.86,0.659,89.730,36.26,-28.134815,149.690903
138008,1,822.4,0.716,89.800,36.24,-28.134815,149.690903
138510,1,813.47,0.691,89.897,36.23,-28.134817,149.690811
139011,1,807.94,0.690,89.957,36.20,-28.134817,149.690811
139512,1,800.85,0.729,90.034,36.20,-28.134830,149.690750
140013,1,795.98,0.644,90.087,36.16,-28.134830,149.690750
140516,1,783.85,0.594,90.219,36.18,-28.134848,149.690674
141017,1,778.61,0.913,90.276,36.17,-28.134848,149.690674
141518,1,769.89,0.499,90.371,36.16,-28.134859,149.690598
142020,1,762.47,0.777,90.452,36.16,-28.134859,149.690598
142521,1,755.14,0.502,90.532,36.14,-28.134871,149.690521
143022,1,746.44,0.696,90.627,36.14,-28.134871,149.690521
143523,1,740.13,0.707,90.696,36.13,-28.134888,149.690475
144025,1,740.4,0.870,90.693,36.12,-28.134888,149.690475
144526,1,726.96,0.540,90.840,36.12,-28.134901,149.690445
145028,1,719.57,0.517,90.921,36.11,-28.134901,149.690445
145530,1,713.09,0.461,90.992,36.10,-28.134916,149.690399
146033,1,706.61,0.702,91.063,36.09,-28.134916,149.690399
146535,1,701.78,0.599,91.116,36.09,-28.134935,149.690323
147036,1,691.86,0.773,91.225,36.07,-28.134935,149.690323
147537,1,683.39,0.588,91.318,36.07,-28.134949,149.690247
148039,1,675.67,0.516,91.403,36.05,-28.134949,149.690247
148540,1,668.85,0.483,91.478,36.05,-28.134964,149.690170
149041,1,662.68,0.612,91.546,36.03,-28.134964,149.690170
149543,1,657.5,0.638,91.603,36.02,-28.134993,149.690094
150044,1,645.08,0.904,91.740,36.01,-28.134993,149.690094
150545,1,638.11,0.917,91.817,36.01,-28.135015,149.690018
151047,1,633.13,0.590,91.872,35.98,-28.135015,149.690018
151548,1,624.08,0.392,91.972,35.97,-28.135033,149.689926
152050,1,618.11,0.747,92.038,35.96,-28.135033,149.689926
152551,1,613.69,0.486,92.087,35.94,-28.135048,149.689819
153052,1,604.02,0.735,92.194,35.94,-28.135048,149.689819
153553,1,596.9,0.624,92.273,35.93,-28.135063,149.689713
154054,1,589.59,0.529,92.354,35.92,-28.135063,149.689713
154555,1,585.27,0.532,92.402,35.90,-28.135077,149.689621
155057,1,577.7,0.452,92.486,35.90,-28.135077,149.689621
155559,1,574.01,0.728,92.527,35.90,-28.135098,149.689529
156061,1,566.28,0.879,92.613,35.88,-28.135098,149.689529
156563,1,557.29,0.470,92.713,35.86,-28.135128,149.689453
157065,1,553.07,0.503,92.760,35.85,-28.135128,149.689453
157566,1,544.27,0.424,92.858,35.84,-28.135157,149.689392
158068,1,540.86,0.515,92.896,35.82,-28.135157,149.689392
158570,1,530.82,0.416,93.008,35.81,-28.135189,149.689346
159072,1,522.4,0.780,93.102,35.81,-28.135189,149.689346
159574,1,521.68,0.753,93.110,35.79,-28.135233,149.689316
160076,1,507.1,0.456,93.273,35.80,-28.135233,149.689316
160578,1,498.43,0.360,93.370,35.79,-28.135265,149.689270
161081,1,491.28,0.510,93.450,35.78,-28.135265,149.689270
161584,1,490.48,0.803,93.459,35.77,-28.135292,149.689209
162085,1,481.47,0.859,93.560,35.76,-28.135292,149.689209
162586,1,472.55,0.496,93.660,35.75,-28.135307,149.689133
163087,1,465.69,0.460,93.737,35.71,-28.135307,149.689133
163588,1,463.91,0.366,93.757,35.73,-28.135315,149.689072
164090,1,452.08,0.560,93.890,35.71,-28.135315,149.689072
164591,1,447.45,0.735,93.942,35.71,-28.135321,149.688995
165093,1,439.46,0.578,94.032,35.70,-28.135321,149.688995
165595,1,430.93,0.420,94.128,35.70,-28.135328,149.688934
166096,1,425.7,0.180,94.187,35.69,-28.135328,149.688934
166599,1,419.49,0.546,94.257,35.70,-28.135336,149.688843
167101,1,411.34,0.604,94.349,35.69,-28.135336,149.688843
167603,1,404.34,0.131,94.428,35.67,-28.135357,149.688766
168105,1,398.5,0.580,94.494,35.65,-28.135357,149.688766
168607,1,395.76,0.607,94.525,35.63,-28.135380,149.688660
169109,1,383.03,0.611,94.669,35.63,-28.135380,149.688660
169610,1,374.82,0.344,94.762,35.60,-28.135408,149.688583
170111,1,369.61,0.884,94.821,35.59,-28.135408,149.688583
170613,1,364.05,0.873,94.884,35.58,-28.135431,149.688507
171115,1,358.68,0.680,94.945,35.54,-28.135431,149.688507
171616,1,352.77,0.235,95.012,35.54,-28.135445,149.688446
172117,1,346.52,0.525,95.083,35.56,-28.135445,149.688446
172618,1,338.95,0.376,95.169,35.54,-28.135462,149.688385
173119,1,336.49,0.792,95.197,35.54,-28.135462,149.688385
173620,1,328.05,0.335,95.293,35.54,-28.135483,149.688324
174122,1,321.46,0.678,95.368,35.53,-28.135483,149.688324
174623,1,316.02,0.427,95.430,35.51,-28.135489,149.688232
175125,1,307.77,0.637,95.524,35.51,-28.135489,149.688232
175626,1,302.6,0.875,95.583,35.51,-28.135490,149.688156
176127,1,295.33,0.461,95.666,35.47,-28.135490,149.688156
176629,1,287.8,0.218,95.752,35.48,-28.135508,149.688110
177130,1,280.27,0.738,95.838,35.48,-28.135508,149.688110
177631,1,278.79,1.154,95.855,35.47,-28.135532,149.688065
178132,1,278.35,1.115,95.860,35.46,-28.135532,149.688065
178634,1,260.96,0.908,96.059,35.44,-28.135555,149.688019
179135,1,255.64,0.639,96.120,35.45,-28.135555,149.688019
179637,1,247.7,0.811,96.211,35.43,-28.135580,149.687958
180138,1,242.9,0.965,96.266,35.42,-28.135580,149.687958
180640,1,236.2,0.298,96.343,35.42,-28.135597,149.687881
181141,1,229.75,0.746,96.417,35.41,-28.135597,149.687881
181643,1,223.84,0.815,96.485,35.40,-28.135609,149.687805
182144,1,217.92,1.069,96.553,35.38,-28.135609,149.687805
182646,1,213.49,0.551,96.604,35.38,-28.135616,149.687744
183148,1,207.49,0.437,96.673,35.38,-28.135616,149.687744
183650,1,198.9,0.367,96.772,35.37,-28.135609,149.687668
184151,1,193.69,0.594,96.832,35.37,-28.135609,149.687668
184652,1,187.28,0.627,96.906,35.37,-28.135584,149.687607
185154,1,180.6,0.589,96.983,35.37,-28.135584,149.687607
185656,1,176.79,0.465,97.027,35.36,-28.135548,149.687531
186158,1,167.44,0.768,97.135,35.36,-28.135548,149.687531
186660,1,162.25,0.275,97.195,35.34,-28.135504,149.687485
187162,1,157.5,0.607,97.250,35.35,-28.135504,149.687485
187664,1,155.77,0.784,97.270,35.33,-28.135460,149.687424
188165,1,145.58,0.570,97.388,35.33,-28.135460,149.687424
188667,1,139.54,0.846,97.458,35.33,-28.135431,149.687332
189169,1,130.22,0.907,97.566,35.32,-28.135431,149.687332
189670,1,122.64,0.513,97.654,35.33,-28.135424,149.687225
190173,1,116.87,0.768,97.721,35.32,-28.135424,149.687225
190675,1,112.99,0.585,97.766,35.32,-28.135427,149.687134
191177,1,106.54,0.776,97.841,35.31,-28.135427,149.687134
191678,1,98.63,0.747,97.933,35.30,-28.135418,149.687027
192181,1,89.95,0.788,98.034,35.30,-28.135418,149.687027
192683,1,87.03,0.893,98.068,35.29,-28.135391,149.686935
193185,1,78.28,0.855,98.170,35.29,-28.135391,149.686935
193686,1,73.05,0.679,98.231,35.27,-28.135365,149.686829
194187,1,66.28,0.712,98.310,35.28,-28.135365,149.686829
194689,1,60.45,0.569,98.378,35.28,-28.135336,149.686737
195191,1,56.51,0.720,98.424,35.27,-28.135305,149.686646
195693,1,48.04,0.714,98.523,35.27,-28.135305,149.686646
196195,1,41.97,0.613,98.594,35.26,-28.135275,149.686569
196697,1,38.38,0.725,98.636,35.25,-28.135275,149.686569
197199,1,28.48,0.695,98.752,35.25,-28.135260,149.686523
197701,1,23.61,0.627,98.809,35.23,-28.135260,149.686523
198203,1,16.27,0.759,98.895,35.22,-28.135263,149.686478
198705,1,13.63,0.699,98.926,35.22,-28.135263,149.686478
199206,1,2.13,0.912,99.061,35.22,-28.135267,149.686462
199707,1,-2.21,0.978,99.112,35.20,-28.135267,149.686462
